cam,cảm ơn bạn,,3/1/2026 1:39:47 PM
cảm ơn bạ,cảm ơn bạn,,3/1/2026 1:40:32 PM
xin,xin lỗi;xinh gái;xin chào;xinh đẹp;xin cảm ơn,,3/1/2026 1:40:35 PM
vít,xin lỗi;xinh gái;xin chào;xinh đẹp;xin cảm ơn,,3/1/2026 1:48:49 PM
vít,xin lỗi;xinh gái;xin chào;xinh đẹp;xin cảm ơn,,3/1/2026 1:48:51 PM
v,xin lỗi;xinh gái;xin chào;xinh đẹp;xin cảm ơn,,3/1/2026 1:48:55 PM
xin,xin lỗi;xinh gái;xin chào;xinh đẹp;xin cảm ơn,,3/1/2026 1:48:57 PM
xin,xin lỗi;xinh gái;xin chào;xinh đẹp;xin cảm ơn,,3/1/2026 1:48:59 PM
h,xinh gái;xin chào;xin lỗi;xinh đẹp;xin cảm ơn,,3/1/2026 1:57:31 PM
xinh gá,xinh gái,,3/1/2026 1:57:37 PM
c,cảm ơn bạn;chào buổi sáng,,3/1/2026 1:57:40 PM
xinh,xinh gái;xinh đẹp,,3/1/2026 2:11:47 PM
xinh gá,xinh gái,,3/1/2026 2:11:54 PM
c,cảm ơn bạn;chào buổi sáng,,3/1/2026 2:11:56 PM
cảm ơn bạ,cảm ơn bạn,,3/1/2026 2:12:12 PM
cảm ơn b,cảm ơn bạn,,3/1/2026 2:12:13 PM
xin,xin lỗi;xinh gái;xin chào;xinh đẹp;xin cảm ơn,,3/1/2026 2:12:16 PM
xin,xin lỗi;xinh gái;xin chào;xinh đẹp;xin cảm ơn,,3/1/2026 2:12:19 PM
xin c,xin chào;xin cảm ơn,,3/1/2026 2:12:21 PM
xin ch,xin chào,,3/1/2026 2:12:23 PM
xin,xin lỗi;xinh gái;xin chào;xinh đẹp;xin cảm ơn,,3/1/2026 2:12:25 PM
xin lỗ,xin lỗi,,3/1/2026 2:13:02 PM
xin,xin lỗi;xinh gái;xin chào;xinh đẹp;xin cảm ơn,,3/1/2026 2:13:05 PM
xin l,xin lỗi,,3/1/2026 2:13:05 PM
xin loii,xin lỗi;xin chào;xinh gái;xinh đẹp;xin cảm ơn,,3/1/2026 2:13:06 PM
x,xin lỗi;xinh gái;xin chào;xinh đẹp;xin cảm ơn,,3/1/2026 2:14:57 PM
xin lỗ,xin lỗi,,3/1/2026 2:15:01 PM
xin l,xin lỗi,,3/1/2026 2:15:02 PM
xin,xin lỗi;xinh gái;xin chào;xinh đẹp;xin cảm ơn,,3/1/2026 2:15:02 PM
xin,xin lỗi;xinh gái;xin chào;xinh đẹp;xin cảm ơn,,3/1/2026 2:15:02 PM
xi,xin lỗi;xinh gái;xin chào;xinh đẹp;xin cảm ơn,,3/1/2026 2:15:02 PM
x,xin lỗi;xinh gái;xin chào;xinh đẹp;xin cảm ơn,,3/1/2026 2:15:02 PM
x,xin lỗi;xinh gái;xin chào;xinh đẹp;xin cảm ơn,,3/1/2026 2:15:03 PM
xi,xin lỗi;xinh gái;xin chào;xinh đẹp;xin cảm ơn,,3/1/2026 2:15:03 PM
x,xin lỗi;xinh gái;xin chào;xinh đẹp;xin cảm ơn,,3/1/2026 2:19:14 PM
xi,xin lỗi;xinh gái;xin chào;xinh đẹp;xin cảm ơn,,3/1/2026 2:19:15 PM
xi,xin lỗi;xinh gái;xin chào;xinh đẹp;xin cảm ơn,,3/1/2026 2:19:17 PM
x,xin lỗi;xinh gái;xin chào;xinh đẹp;xin cảm ơn,,3/1/2026 2:19:22 PM
x,xin lỗi;xinh gái;xin chào;xinh đẹp;xin cảm ơn,,3/1/2026 2:19:24 PM
xi,xin lỗi;xinh gái;xin chào;xinh đẹp;xin cảm ơn,,3/1/2026 2:19:24 PM
xim,xin lỗi;xinh gái;xin chào;xinh đẹp;xin cảm ơn,,3/1/2026 2:19:24 PM
xim,xin lỗi;xinh gái;xin chào;xinh đẹp;xin cảm ơn,,3/1/2026 2:19:27 PM
xi,xin lỗi;xinh gái;xin chào;xinh đẹp;xin cảm ơn,,3/1/2026 2:19:31 PM
x,xin lỗi;xinh gái;xin chào;xinh đẹp;xin cảm ơn,,3/1/2026 2:19:31 PM
c,cảm ơn bạn;chào buổi sáng,,3/1/2026 2:19:34 PM
ca,cảm ơn bạn,,3/1/2026 2:19:34 PM
cam,cảm ơn bạn,,3/1/2026 2:19:34 PM
cam,cảm ơn bạn,,3/1/2026 2:19:35 PM
cam,cảm ơn bạn,,3/1/2026 2:19:37 PM
ca,cảm ơn bạn,,3/1/2026 2:19:39 PM
c,cảm ơn bạn;chào buổi sáng,,3/1/2026 2:19:39 PM
xin,xin lỗi;xinh gái;xin chào;xinh đẹp;xin cảm ơn,,3/1/2026 2:20:14 PM
cha,chào buổi sáng,,3/1/2026 2:20:20 PM
xi,xin lỗi;xinh gái;xin chào;xinh đẹp;xin cảm ơn,,3/1/2026 2:20:24 PM
xinh,xinh gái;xinh đẹp,,3/1/2026 2:20:41 PM
xin,xin lỗi;xinh gái;xin chào;xinh đẹp;xin cảm ơn,,3/1/2026 2:20:49 PM
xi,xin lỗi;xinh gái;xin chào;xinh đẹp;xin cảm ơn,,3/1/2026 2:30:19 PM
xin lỗi,xin lỗi,,3/1/2026 2:30:22 PM
x,xin lỗi;xinh gái;xin chào;xinh đẹp;xin cảm ơn,,3/1/2026 2:30:24 PM
c,cảm ơn bạn;chào buổi sáng,,3/1/2026 2:30:27 PM
cảm ơn bạn,cảm ơn bạn,,3/1/2026 2:30:29 PM
cảm ơn bạn,cảm ơn bạn,,3/1/2026 2:30:34 PM
x,xin lỗi;xinh gái;xin chào;xinh đẹp;xin cảm ơn,,3/1/2026 2:33:00 PM
xin lỗi,xin lỗi,,3/1/2026 2:33:02 PM
x,xin lỗi;xinh gái;xin chào;xinh đẹp;xin cảm ơn,,3/1/2026 2:33:16 PM
x,xin lỗi;xinh gái;xin chào;xinh đẹp;xin cảm ơn,,3/1/2026 2:33:20 PM
xin cảm ơn,xin cảm ơn,,3/1/2026 2:33:27 PM
xi,xin lỗi;xinh gái;xin chào;xinh đẹp;xin cảm ơn,,3/1/2026 2:35:41 PM
xin,xin lỗi;xinh gái;xin chào;xinh đẹp;xin cảm ơn,,3/1/2026 2:35:45 PM
xin lỗi,xin lỗi,,3/1/2026 2:35:54 PM
xin lỗ,xin lỗi,,3/1/2026 2:36:03 PM
xin l,xin lỗi,,3/1/2026 2:36:03 PM
xin,xin lỗi;xinh gái;xin chào;xinh đẹp;xin cảm ơn,,3/1/2026 2:36:03 PM
xin,xin lỗi;xinh gái;xin chào;xinh đẹp;xin cảm ơn,,3/1/2026 2:36:04 PM
c,cảm ơn bạn;chào buổi sáng,,3/1/2026 2:36:08 PM
ca,cảm ơn bạn,,3/1/2026 2:36:10 PM
cam,cảm ơn bạn,,3/1/2026 2:36:12 PM
cảm ơn bạn,cảm ơn bạn,,3/1/2026 2:36:14 PM
xin,xin lỗi;xinh gái;xin chào;xinh đẹp;xin cảm ơn,,3/1/2026 2:41:50 PM
xin,xin lỗi;xinh gái;xin chào;xinh đẹp;xin cảm ơn,,3/1/2026 2:41:51 PM
xin,xin lỗi;xinh gái;xin chào;xinh đẹp;xin cảm ơn,,3/1/2026 2:41:52 PM
xin,xin lỗi;xinh gái;xin chào;xinh đẹp;xin cảm ơn,,3/1/2026 2:41:53 PM
x,xin lỗi;xinh gái;xin chào;xinh đẹp;xin cảm ơn,,3/1/2026 2:41:54 PM
xi,xin lỗi;xinh gái;xin chào;xinh đẹp;xin cảm ơn,,3/1/2026 2:41:55 PM
a,xinh gái;xin chào;xin lỗi;xinh đẹp;xin cảm ơn,,3/1/2026 2:41:57 PM
a,xinh gái;xin chào;xin lỗi;xinh đẹp;xin cảm ơn,,3/1/2026 2:41:57 PM
a nư,xin lỗi;xinh gái;xin chào;cảm ơn bạn;xinh đẹp,,3/1/2026 2:41:59 PM
a,xinh gái;xin chào;xin lỗi;xinh đẹp;xin cảm ơn,,3/1/2026 2:42:00 PM
ăn,xin lỗi;xinh gái;xin chào;xinh đẹp;xin cảm ơn,,3/1/2026 2:42:01 PM
ăn xin,xin lỗi;xinh gái;xin chào;cảm ơn bạn;xinh đẹp,,3/1/2026 2:42:02 PM
ăn xin,xin lỗi;xinh gái;xin chào;cảm ơn bạn;xinh đẹp,,3/1/2026 2:42:04 PM
an,xin lỗi;xinh gái;xin chào;xinh đẹp;xin cảm ơn,,3/1/2026 2:43:13 PM
a,xinh gái;xin chào;xin lỗi;xinh đẹp;xin cảm ơn,,3/1/2026 2:43:14 PM
xinh gái,xinh gái,,3/1/2026 2:43:15 PM
x,xin lỗi;xinh gái;xin chào;xinh đẹp;xin cảm ơn,,3/1/2026 2:43:21 PM
xin,xin lỗi;xinh gái;xin chào;xinh đẹp;xin cảm ơn,,3/1/2026 2:43:24 PM
xin ca,xin cảm ơn,,3/1/2026 2:43:25 PM
xin cam,xin cảm ơn,,3/1/2026 2:43:26 PM
xin cảm ơn,xin cảm ơn,,3/1/2026 2:43:28 PM
xin,xin lỗi;xinh gái;xin chào;xinh đẹp;xin cảm ơn,,3/1/2026 2:45:27 PM
xin lỗi,xin lỗi,,3/1/2026 2:45:29 PM
xin,xin lỗi;xinh gái;xin chào;xinh đẹp;xin cảm ơn,,3/1/2026 2:45:37 PM
xinh gái,xinh gái,,3/1/2026 2:45:40 PM
xinh gá,xinh gái,,3/1/2026 2:45:47 PM
cim,xin lỗi;xinh gái;xin chào;xinh đẹp;cảm ơn bạn,,3/1/2026 2:45:52 PM
cảm ơn bạn,cảm ơn bạn,,3/1/2026 2:45:55 PM
xin,xin lỗi;xinh gái;xin chào;xinh đẹp;xin cảm ơn,,3/1/2026 2:59:57 PM
xin lỗi,xin lỗi,,3/1/2026 2:59:59 PM
x,xin lỗi;xinh gái;xin chào;xinh đẹp;xin cảm ơn,,3/1/2026 3:00:10 PM
ch,chào buổi sáng,,3/1/2026 3:00:12 PM
xi,xin lỗi;xinh gái;xin chào;xinh đẹp;xin cảm ơn,,3/1/2026 3:00:16 PM
xin cảm ơn,xin cảm ơn,,3/1/2026 3:00:21 PM
xin cảm ơn,xin cảm ơn,,3/1/2026 3:04:34 PM
xin,xin lỗi;xinh gái;xin chào;xinh đẹp;xin cảm ơn,,3/1/2026 3:07:35 PM
xin lỗi,xin lỗi,,3/1/2026 3:07:37 PM
x,xin lỗi;xinh gái;xin chào;xinh đẹp;xin cảm ơn,,3/1/2026 3:07:42 PM
c,cảm ơn bạn;chào buổi sáng,,3/1/2026 3:07:44 PM
ca,cảm ơn bạn,,3/1/2026 3:07:45 PM
cảm ơn bạn,cảm ơn bạn,,3/1/2026 3:07:47 PM
c,cảm ơn bạn;chào buổi sáng,,3/1/2026 3:14:21 PM
cảm ơn bạn,cảm ơn bạn,,3/1/2026 3:14:22 PM
cảm ơn bạ,cảm ơn bạn,,3/1/2026 3:14:24 PM
x,xin lỗi;xinh gái;xin chào;xinh đẹp;xin cảm ơn,,3/1/2026 3:14:25 PM
xin lỗi,xin lỗi,,3/1/2026 3:14:27 PM
xin lỗi,xin lỗi,,3/1/2026 3:14:30 PM
x,xin lỗi;xinh gái;xin chào;xinh đẹp;xin cảm ơn,,3/1/2026 3:16:03 PM
xin lỗi,xin lỗi,,3/1/2026 3:16:04 PM
ca,cảm ơn bạn,,3/1/2026 3:16:08 PM
cảm ơn bạn,cảm ơn bạn,,3/1/2026 3:16:09 PM
cảm ơn bạ,cảm ơn bạn,,3/1/2026 3:16:18 PM
m,xin lỗi;xinh gái;xin chào;xinh đẹp;xin cảm ơn,,3/1/2026 3:16:19 PM
mêt,xin lỗi;xinh đẹp;xinh gái;xin chào;xin cảm ơn,,3/1/2026 3:16:20 PM
mệt,xin lỗi;xinh đẹp;xinh gái;xin chào;xin cảm ơn,,3/1/2026 3:16:21 PM
mệt moi,xin lỗi;xinh gái;xin chào;xin cảm ơn;xinh đẹp,,3/1/2026 3:16:22 PM
mệt mỏi,xin lỗi;xinh gái;xin chào;xin cảm ơn;xinh đẹp,,3/1/2026 3:16:23 PM
mệt mỏi,xin lỗi;xinh gái;xin chào;xin cảm ơn;xinh đẹp,,3/1/2026 3:16:24 PM
